<?xml version="1.0" encoding="UTF-8"?>
<LightningComponentBundle xmlns="urn:metadata.tooling.soap.sforce.com" fqn="lwc_banner_access_otv">
    <apiVersion>50.0</apiVersion>
    <isExposed>true</isExposed>
    <targets>
        <target>lightning__AppPage</target>
        <target>lightning__RecordPage</target>
        <target>lightning__HomePage</target>
        <target>lightningCommunity__Page</target>
        <target>lightningCommunity__Default</target>
    </targets>
</LightningComponentBundle>