{
  "cmsSettings" : { },
  "currentThemeId" : "5fa54427-87c1-4ba7-a7ee-1e4e7aed8115",
  "headMarkup" : "<meta charset=\"UTF-8\" />\n<meta name=\"viewport\" content=\"width=device-width, initial-scale=1\" />\n<title>Welcome to LWC Communities!</title>\n\n<link rel=\"stylesheet\" href=\"{ basePath }/assets/styles/styles.css?{ versionKey }\" />\n\n\n<!-- webruntime-branding-shared stylesheets -->\n<link rel=\"stylesheet\" href=\"{ basePath }/assets/styles/salesforce-lightning-design-system.min.css?{ versionKey }\" />\n<link rel=\"stylesheet\" href=\"{ basePath }/assets/styles/dxp-site-spacing-styling-hooks.min.css?{ versionKey }\" />\n<!-- webruntime-branding-shared stylesheets -->",
  "id" : "877afc8e-b4aa-4a44-8f63-3de89cdaf367",
  "isRelaxedCSPLevel" : false,
  "label" : "main",
  "templateName" : "talon-template-byo",
  "type" : "appPage"
}