{
  "appPageId" : "877afc8e-b4aa-4a44-8f63-3de89cdaf367",
  "componentName" : "community_layout:sldsFlexibleLayout",
  "id" : "9fa1c146-099e-4d00-b726-a7b454470c54",
  "label" : "Check Password",
  "regions" : [ {
    "components" : [ {
      "componentAttributes" : {
        "sectionConfig" : "{\"UUID\":\"763bf2ed-6510-4de1-9a04-be4b330ad486\",\"columns\":[{\"UUID\":\"1fe06daf-1436-48b1-a4f2-fbe8be53f6bb\",\"columnName\":\"Column 1\",\"columnKey\":\"col1\",\"columnWidth\":\"12\",\"seedComponents\":null}]}"
      },
      "componentName" : "community_layout:section",
      "id" : "763bf2ed-6510-4de1-9a04-be4b330ad486",
      "regions" : [ {
        "components" : [ {
          "componentAttributes" : { },
          "componentName" : "community_login:communityLogo",
          "id" : "45ea2734-db61-4741-b93f-e3c079b86f5c",
          "renderPriority" : "NEUTRAL",
          "renditionMap" : { },
          "type" : "component"
        }, {
          "componentAttributes" : {
            "checkEmailMessage" : "Check the email account associated with your username for the link to reset your password. If you didn't get an email, check your Spam folder. Or contact your administrator.",
            "returnButtonLabel" : "Back to login",
            "titleLabel" : "Now check your email"
          },
          "componentName" : "community_login:checkEmail",
          "id" : "0d1b973b-fb72-44bc-b8ed-cc08bef83478",
          "renderPriority" : "NEUTRAL",
          "renditionMap" : { },
          "type" : "component"
        } ],
        "id" : "1fe06daf-1436-48b1-a4f2-fbe8be53f6bb",
        "regionLabel" : "Column 1",
        "regionName" : "col1",
        "renditionMap" : { },
        "type" : "region"
      } ],
      "renderPriority" : "NEUTRAL",
      "renditionMap" : { },
      "type" : "component"
    } ],
    "id" : "c9c415dc-46b4-4e8c-91c6-f83a5fab4791",
    "regionName" : "content",
    "type" : "region"
  }, {
    "components" : [ {
      "componentAttributes" : {
        "description" : "",
        "metaTags" : "",
        "pageTitle" : "Check Password",
        "recordId" : "{!recordId}"
      },
      "componentName" : "community_builder:seoAssistant",
      "id" : "15b904f0-160e-4126-bc0a-069c40719b4c",
      "renderPriority" : "NEUTRAL",
      "renditionMap" : { },
      "type" : "component"
    } ],
    "id" : "e6d9f210-16bc-402d-b320-aebf6a9783bc",
    "regionName" : "sfdcHiddenRegion",
    "type" : "region"
  } ],
  "themeLayoutType" : "Inner",
  "type" : "view",
  "viewType" : "check-password"
}