{
  "appPageId" : "877afc8e-b4aa-4a44-8f63-3de89cdaf367",
  "componentName" : "community_layout:sldsFlexibleLayout",
  "id" : "6df9c709-d498-4712-a6d7-e248ac84d39e",
  "label" : "Forgot Password",
  "regions" : [ {
    "components" : [ {
      "componentAttributes" : {
        "sectionConfig" : "{\"UUID\":\"44e39357-da14-4f73-96d9-3e2c6a9f6863\",\"columns\":[{\"UUID\":\"979836f0-d06e-4323-8dde-30e18d764a0c\",\"columnName\":\"Column 1\",\"columnKey\":\"col1\",\"columnWidth\":\"12\",\"seedComponents\":null}]}"
      },
      "componentName" : "community_layout:section",
      "id" : "44e39357-da14-4f73-96d9-3e2c6a9f6863",
      "regions" : [ {
        "components" : [ {
          "componentAttributes" : { },
          "componentName" : "community_login:communityLogo",
          "id" : "4293729f-5914-460f-a466-0342a2eaeeea",
          "renderPriority" : "NEUTRAL",
          "renditionMap" : { },
          "type" : "component"
        }, {
          "componentAttributes" : {
            "cancelButtonLabel" : "Cancel",
            "checkEmailUrl" : "./CheckPasswordResetEmail",
            "instructionsLabel" : "To reset your password, enter your username. We'll send a reset-password link to the email address associated with your account.",
            "submitButtonLabel" : "Reset",
            "titleLabel" : "Forget your password?",
            "usernameLabel" : "Username"
          },
          "componentName" : "community_login:forgotPassword",
          "id" : "35bf7505-5550-4e39-abdc-a609205e52ad",
          "renderPriority" : "NEUTRAL",
          "renditionMap" : { },
          "type" : "component"
        } ],
        "id" : "979836f0-d06e-4323-8dde-30e18d764a0c",
        "regionLabel" : "Column 1",
        "regionName" : "col1",
        "renditionMap" : { },
        "type" : "region"
      } ],
      "renderPriority" : "NEUTRAL",
      "renditionMap" : { },
      "type" : "component"
    } ],
    "id" : "22d187de-4251-4c13-b677-213ed8bf2797",
    "regionName" : "content",
    "type" : "region"
  }, {
    "components" : [ {
      "componentAttributes" : {
        "description" : "",
        "metaTags" : "",
        "pageTitle" : "Forgot Password",
        "recordId" : "{!recordId}"
      },
      "componentName" : "community_builder:seoAssistant",
      "id" : "72d73e92-07f6-436e-b6df-95a88ef763bc",
      "renderPriority" : "NEUTRAL",
      "renditionMap" : { },
      "type" : "component"
    } ],
    "id" : "f6c26dd2-81c9-4efe-8d09-6686614a97f7",
    "regionName" : "sfdcHiddenRegion",
    "type" : "region"
  } ],
  "themeLayoutType" : "Inner",
  "type" : "view",
  "viewType" : "forgot-password"
}