{
  "appPageId" : "877afc8e-b4aa-4a44-8f63-3de89cdaf367",
  "componentName" : "community_layout:sldsFlexibleLayout",
  "id" : "687bc148-75d8-4733-aa5d-8db409a9310e",
  "label" : "Home",
  "regions" : [ {
    "components" : [ {
      "componentAttributes" : {
        "sectionConfig" : "{\"UUID\":\"36895ec2-47df-4ac7-a6cf-4542a437568c\",\"columns\":[{\"UUID\":\"c9377c5d-c594-4017-9dcc-ff387b972091\",\"columnName\":\"Column 1\",\"columnKey\":\"col1\",\"columnWidth\":\"12\",\"seedComponents\":null}]}"
      },
      "componentName" : "community_layout:section",
      "id" : "36895ec2-47df-4ac7-a6cf-4542a437568c",
      "regions" : [ {
        "components" : [ {
          "componentAttributes" : {
            "richTextValue" : "<div style=\"display: flex; justify-content: center; align-items: center; margin: 50px 0; flex-direction: column; text-align: center;\"><div style=\"background-image: var(--lwc-header-image); background-size: cover; background-position: center; height: 300px; width: 100%; max-width: 600px; min-width: 300px;\"></div><h1 class=\"slds-text-heading_medium slds-p-bottom_x-small\">Start Building Your Page</h1> <div>Drag and drop a component into the content slots.</div></div>"
          },
          "componentName" : "community_builder:htmlEditor",
          "id" : "26549deb-bd2c-464d-90bc-c38b6f3fe77c",
          "renderPriority" : "NEUTRAL",
          "renditionMap" : { },
          "type" : "component"
        } ],
        "id" : "c9377c5d-c594-4017-9dcc-ff387b972091",
        "regionLabel" : "Column 1",
        "regionName" : "col1",
        "renditionMap" : { },
        "type" : "region"
      } ],
      "renderPriority" : "NEUTRAL",
      "renditionMap" : { },
      "type" : "component"
    } ],
    "id" : "128d59f1-a54b-4b8a-b4c4-5017af029b28",
    "regionName" : "content",
    "type" : "region"
  }, {
    "components" : [ {
      "componentAttributes" : {
        "description" : "",
        "metaTags" : "",
        "pageTitle" : "Home",
        "recordId" : "{!recordId}"
      },
      "componentName" : "community_builder:seoAssistant",
      "id" : "536fa9e1-8967-4c4f-9f1e-e701bb0e5c7a",
      "renderPriority" : "NEUTRAL",
      "renditionMap" : { },
      "type" : "component"
    } ],
    "id" : "bc546698-52b2-41e3-b3ec-983321baa3ec",
    "regionName" : "sfdcHiddenRegion",
    "type" : "region"
  } ],
  "themeLayoutType" : "Inner",
  "type" : "view",
  "viewType" : "home"
}