{
  "appPageId" : "877afc8e-b4aa-4a44-8f63-3de89cdaf367",
  "componentName" : "community_layout:sldsFlexibleLayout",
  "id" : "c1ec7fa7-a60a-4f84-b9e7-1656409619ab",
  "label" : "Login",
  "regions" : [ {
    "components" : [ {
      "componentAttributes" : {
        "sectionConfig" : "{\"UUID\":\"efe56dd3-7867-4e02-9000-6eb1dc54a5c2\",\"columns\":[{\"UUID\":\"f8202564-e3b2-4140-945d-dabf9420a160\",\"columnName\":\"Column 1\",\"columnKey\":\"col1\",\"columnWidth\":\"12\",\"seedComponents\":null}]}"
      },
      "componentName" : "community_layout:section",
      "id" : "efe56dd3-7867-4e02-9000-6eb1dc54a5c2",
      "regions" : [ {
        "components" : [ {
          "componentAttributes" : { },
          "componentName" : "community_login:communityLogo",
          "id" : "b4f0df5d-efe8-45fa-8112-fcab4e78fd61",
          "renderPriority" : "NEUTRAL",
          "renditionMap" : { },
          "type" : "component"
        }, {
          "componentAttributes" : {
            "forgotPasswordLabel" : "Forgot your password?",
            "forgotPasswordUrl" : "/ForgotPassword",
            "loginButtonLabel" : "Log In",
            "passwordLabel" : "Password",
            "selfRegisterLabel" : "Not a member?",
            "selfRegisterUrl" : "/SelfRegister",
            "startUrl" : "",
            "usernameLabel" : "Username"
          },
          "componentName" : "community_login:loginForm",
          "id" : "ed6fdab5-f76c-4666-8de2-7dbe23affbea",
          "renderPriority" : "NEUTRAL",
          "renditionMap" : { },
          "type" : "component"
        }, {
          "componentAttributes" : {
            "showHeader" : false,
            "socialLoginHeader" : "Or log in using:"
          },
          "componentName" : "community_login:socialLogin",
          "id" : "5456ae91-214a-4a8a-bf1d-d22f2b26d94d",
          "renderPriority" : "NEUTRAL",
          "renditionMap" : { },
          "type" : "component"
        }, {
          "componentAttributes" : {
            "employeeLoginLinkLabel" : "Are you an employee? Log in"
          },
          "componentName" : "community_login:employeeLoginLink",
          "id" : "d67548f3-136f-4fa2-b5af-f9ff9e11fb6d",
          "renderPriority" : "NEUTRAL",
          "renditionMap" : { },
          "type" : "component"
        } ],
        "id" : "f8202564-e3b2-4140-945d-dabf9420a160",
        "regionLabel" : "Column 1",
        "regionName" : "col1",
        "renditionMap" : { },
        "type" : "region"
      } ],
      "renderPriority" : "NEUTRAL",
      "renditionMap" : { },
      "type" : "component"
    } ],
    "id" : "cb410887-6829-4721-9157-dd4c502dbaef",
    "regionName" : "content",
    "type" : "region"
  }, {
    "components" : [ {
      "componentAttributes" : {
        "description" : "",
        "metaTags" : "",
        "pageTitle" : "Login",
        "recordId" : "{!recordId}"
      },
      "componentName" : "community_builder:seoAssistant",
      "id" : "f88b6dd8-6bec-460e-9cb9-14abc5c19584",
      "renderPriority" : "NEUTRAL",
      "renditionMap" : { },
      "type" : "component"
    } ],
    "id" : "93e4d054-0d5d-45fa-9479-fb2941d5f0a9",
    "regionName" : "sfdcHiddenRegion",
    "type" : "region"
  } ],
  "themeLayoutType" : "Inner",
  "type" : "view",
  "viewType" : "login-main"
}