{
  "appPageId" : "877afc8e-b4aa-4a44-8f63-3de89cdaf367",
  "componentName" : "community_layout:sldsFlexibleLayout",
  "id" : "86004109-5e49-4f0a-ac22-fe01c66aeeb1",
  "label" : "Register",
  "regions" : [ {
    "components" : [ {
      "componentAttributes" : {
        "sectionConfig" : "{\"UUID\":\"77197516-affb-4fb7-8154-05bbf425eb45\",\"columns\":[{\"UUID\":\"de470526-674c-45cc-b119-e92ed450a8f9\",\"columnName\":\"Column 1\",\"columnKey\":\"col1\",\"columnWidth\":\"12\",\"seedComponents\":null}]}"
      },
      "componentName" : "community_layout:section",
      "id" : "77197516-affb-4fb7-8154-05bbf425eb45",
      "regions" : [ {
        "components" : [ {
          "componentAttributes" : { },
          "componentName" : "community_login:communityLogo",
          "id" : "1db73113-9b70-4daf-8ca9-2256d9f83cc7",
          "renderPriority" : "NEUTRAL",
          "renditionMap" : { },
          "type" : "component"
        }, {
          "componentAttributes" : {
            "cancelLinkLabel" : "Already have an account?",
            "confirmPasswordLabel" : "Confirm Password",
            "emailLabel" : "Email",
            "firstnameLabel" : "First Name",
            "includePasswordField" : true,
            "lastnameLabel" : "Last Name",
            "passwordLabel" : "Create Password",
            "regConfirmUrl" : "./CheckPasswordResetEmail",
            "submitButtonLabel" : "Sign Up"
          },
          "componentName" : "community_login:selfRegister",
          "id" : "4412ab56-eef8-45e9-a301-b12b7fb67bb4",
          "renderPriority" : "NEUTRAL",
          "renditionMap" : { },
          "type" : "component"
        } ],
        "id" : "de470526-674c-45cc-b119-e92ed450a8f9",
        "regionLabel" : "Column 1",
        "regionName" : "col1",
        "renditionMap" : { },
        "type" : "region"
      } ],
      "renderPriority" : "NEUTRAL",
      "renditionMap" : { },
      "type" : "component"
    } ],
    "id" : "273a5e12-9db4-4dcb-a187-365ea73dd4cc",
    "regionName" : "content",
    "type" : "region"
  }, {
    "components" : [ {
      "componentAttributes" : {
        "description" : "",
        "metaTags" : "",
        "pageTitle" : "Register",
        "recordId" : "{!recordId}"
      },
      "componentName" : "community_builder:seoAssistant",
      "id" : "475cc07e-4b9f-4673-9578-86bf7c21ac7b",
      "renderPriority" : "NEUTRAL",
      "renditionMap" : { },
      "type" : "component"
    } ],
    "id" : "bcdf3083-0926-483f-8a36-4dbbd87aeff9",
    "regionName" : "sfdcHiddenRegion",
    "type" : "region"
  } ],
  "themeLayoutType" : "Inner",
  "type" : "view",
  "viewType" : "self-register"
}