{
  "definitionName" : "talon-template-byo:branding",
  "id" : "d4f54b23-8cfa-4d1d-be3c-eae652c80af0",
  "label" : "talon-template-byo:branding",
  "type" : "brandingSet",
  "values" : {
    "ActionColor" : "#2574A9",
    "BorderColor" : "#D4D4D4",
    "CardBackgroundColor" : "#fff",
    "DetailTextColor" : "#696969",
    "ErrorTextColor" : "#ff9e9e",
    "HeaderImage" : "/assets/img/desert.svg",
    "LinkColor" : "#2574A9",
    "OverlayTextColor" : "#FFFFFF",
    "PrimaryFont" : "Salesforce Sans",
    "SnaHeroImage" : "/assets/img/serviceNotAvailable.svg",
    "TalonLogo" : "",
    "TextCase" : "uppercase",
    "TextColor" : "#333"
  }
}